address,resolvedAddress
01-89.eth,0x84f1CB27f0822135708aa879Bbf04767af18019a
0i0i0i0i.eth,0xa323C97D71Aa765f44C9570b4cd1a4Eb79d23A6b
0xbhaisaab.eth,0x631046BC261e0b2e3DB480B87D2B7033d9720c90
0xchux.base.eth,0x0000000000000000000000000000000000000000
0xfader.eth,0x4592B9d4780545219130440f1A1abeEca4822C62
0xgrint.eth,0x3da35b0052582b40CC6e58C5A8a49B0723449c57
0xlaw0.eth,0xe69e10f227b085a39b05F578687bb86Fccc73239
0xosprey.eth,0x2CB8636240693B445ac98F2091b58A898e35e60B
0xpaladin.eth,0x808Aa037b71A7F929Ad8760E08f4F07D235a1f29
0xpintu.base.eth,0xa84701f3Df3CB1d4A9f2F5323F5dBb867F321aE5
0xrichiecat.eth,0x1e843E199fa59A5A7fAca89EBd8e69BA3C9cef22
0xshiv.eth,0x2Db60ad6A14B33B4F960F8895502D4Ec735d2152
0xthereum.eth,0xf93Dfcc59e7C2ceE3372c10256FEE0A418bfCf13
0xtravaganza.eth,0x50757C4FB5743fdf2F3e9574D90399Dd33bd2EF7
0xugly.eth,0x29769e04275795c87446C7Ee101021C6a675CF06
0xultravioleta.eth,0xe4dc963c56979E0260fc146b87eE24F18220e545
101606.eth,0x4AF39a873Cfd7E8EC7adE2264C18a0f0BFEC665E
222548.eth,0xAd2Ac05EA0983f60B9e46b8d6f27EbbE1B0bD812
4484.eth,0x089FCE8bE711CABc806d69B1d0d5aebd52A06455
696.eth,0x0BF61023640B5fFa269EBaBa895cc3662793A4c9
89-01.eth,0xE0ba0eCb01EC66D563aaa79350A4E843949003f1
acyeos.eth,0xcE2C24E9DDc34f765b2dB075040Dc76Fd1c56789
adeeeewarchive.eth,0x0000000000000000000000000000000000000000
adexmakai.eth,0xE20d0D6B62d6Bd2A536d21654F682f28F78f8f66
aditak.eth,0xCf1d78DAF41D4FBDdC91dd8D00D2F5F88046A3A3
adrienstern.eth,0x35224C95aa3E53a30cc3F6f64540618892a568D7
advocate.eth,0x797BC893B39A6049339905BDAd737c0B83d4f63c
ajinkyaj.eth,0x44F9ad8D4ab4914571Ba798DB166a1D951a050F4
ajtech.eth,0x6b12dA059065d7F567eeC65873f99258C07D86B9
akelani.eth,0x71Fe7beaA72dE75B5B5BdEb672B9a0e6Ff1c458C
akolade.eth,0x49aa74898D2dd160515F4461Ca71659e926f930d
alexcrypto.eth,0x1A5B5a2FF1F70989E186aC6109705CF2cA327158
aljonz123.base.eth,0x0000000000000000000000000000000000000000
allthingscrypto.eth,0xF652f95BF8A719083A119bE50c4F3033fd3F70c9
alvinyap.eth,0x7019756d7b9F359D788B78fCEE4423B856d1804F
amit.eth,0xF45BFd238596D57985C7b55e0E02EeE5FB863FeD
amphiboly.eth,0xC75446A6AdaEF73269dBdEcE73536977B2b639e0
andyfan.base.eth,0x0000000000000000000000000000000000000000
andyhhh.eth,0x7eC1f3b0746B009BaC65bfc4C8D47FC474AFF261
ansubin.eth,0x6963B940c563Ed9add515c9b4c800FfC69B6773D
anticheat.eth,0x8cEc3fBFF39F2c098939afc89B08689Adbd82b26
aquiver.eth,0xF5FC7C7f9bE3DA06Acb4519Ae9BE57bdb6F71f88
asukka.eth,0x4b72E006eC75a827c35D6ac258F0342268DcC3de
atiredbrudda.eth,0x309Bc8b07D699fDa2e1E4260CB910dfEDf1F2B06
bagenblagen.eth,0xAC1Ac31C76151A3a932a7B709C8C34852728FB3A
baqee.eth,0xaE5E95F39EB844d96A2fAF56796DF8E17550230B
basiliskcoin.eth,0x7Aba73E2EEa6F5E0415EC0a284cb979803dACE27
bcbread.eth,0x07709a9E3B157FA33f51Ad627Fa6931c87f9F575
benzwong.eth,0xB29479Ef88dFFf8daC466cF6C716e7985c4241c5
biigbright.base.eth,0xA7cB150022768aF2DEaCeddb402513CF792c2685
bikram.eth,0x3EB2e9c752c316a1f6804B23499B6401f490A3d8
bishara.eth,0x0000000000000000000000000000000000000000
blinkz.eth,0xAbA578B196E6beAC3865D0420b2922A0829d54bB
blissth3tic.eth,0xCE1AAC18EE472DA6D90B68B6685Df910046cB8aD
blockmerchant.eth,0xbEA91E555f85E6092aCed53EaE6AaBF0668Ea6A7
blogifesto.eth,0x5E4aD8A918BeAcB1d249874F70a13d0C08CA9f6f
blotta.eth,0x6d505D731A4d7bC24e5B8547066615029B9a81b9
blurcity.eth,0xE1816d8496FD1a7b44db004E5A1f1f525e84FD9e
blurfang.eth,0xab1EF6A2Bd769dCe3dA9Cd96e8f16F00F50eE6e6
bodaciouspirate.eth,0xa2e9eC27b948d85B11f7935728cB68E11D73D8Fd
bozp.eth,0x8521EB670D3c56799dfc32e009c647435A578817
brassknuckles.eth,0x3d95D4A6DbaE0Cd0643a82b13A13b08921D6ADf7
brendon.eth,0x65C34aFda745c12745DB70ffA809311339279395
buccheri.eth,0x76A38A592189Af60Af6A7C671715cF64D625929e
byvynz.eth,0x60d0B2DfcB4151EfA26d4B8FD5b7a6473E29Dd6F
cached.eth,0x21Cf895c8918Fb244Db6c7e0039b8b7e0Bc184B3
caitower.eth,0x8f041797163F664990e90B70c76455B3a7f8483C
caldotcom.eth,0xf58Bef8a3838BeA93c51c321ed5Fb2ab6b375639
calicojack617.eth,0x86ce21DFa7385aaE9a1744806D3Fc10862407491
capitalart.eth,0x1338901827e3dee9506d0514F7746F306310F488
ccid.eth,0xFECdE2e41C18A9AC183C066566728aEE0a6f5549
cdorff.eth,0x0015f91e93996d7E5979bF32391a8be59aadd606
cem2ran.eth,0xb6e75345dE57dB4d86e20D3B17888976e8322dE8
ceotim.eth,0x71A04638A6248a888365BdD7860fb4d05dA040E4
chadix.base.eth,0x00cf32F6E67dBD149328D8D2E489cC13021A145e
chmtamu.eth,0x0C1c65F568e6782C8c6C484921aA36a7154288d3
cleeroybrown.base.eth,0xA71936047B7D47810900176611Ec5f628D5AB20c
cocoon.eth,0x93F436575F8104bA0f7871Ca9D89544b898d4607
cohesiveconcepts.eth,0x2062D5BF8A229e95886C6d2c58064b2bcBf5303d
connoisseur.eth,0x0f33a5147457D9d1DaEF9AAD83500DCeF1394c13
conseil.eth,0x211FD083F645b5482de0c04C2Ca41D8ceEeF6866
coopernicus.eth,0x3d9D5FD6114a9015b936eB144298915D5f545D5d
croubois.eth,0x7859821024E633C5dC8a4FcF86fC52e7720Ce525
crowexx.eth,0xf3109730080040C6dfD2c58f665f9B5a5397CC7e
cryptofarian.eth,0x61B50a74376a9cD1DABF20bc922017441F9f8267
cryptomozart.eth,0x8250bAc6d549565c9E9539eE14189A011C359a61
cryptosjared.eth,0xcaB18151ff4AE8e8c56294dfEddc84FE72EaD074
cryptosteve.eth,0x42DAaCea431993D938bfEB85EB73e3537C498A56
cwssoftware.eth,0x3e6a2f0CBA03d293B54c9fCF354948903007a798
cycal.eth,0x05a107Ae64Cf029086ee996d2599F09Cc4F2274E
dail99.eth,0xF07cAFF099a72C35F53007f8C6C13F832095Eb92
danialhasan.eth,0x0001196FCcC127952FC5a6f3a5D5546C7487F78a
dany.eth,0x3D6882C4f55ca49029eAdFcbF82da6a3585f973e
dcj.eth,0x7799842e9e6D04384eA17a4b4966ef5De8543D2a
degen.eth,0x0000000000000000000000000000000000000000
demayor.eth,0x8e426701F65f66F5Bec62a0E00a7F5e396900978
dextermike.base.eth,0xcB699cB3c1dC50A8969f594f08156559F68c163C
dhubxk.eth,0xa4e06217d391ccBa3D6F809A41A747bc9A7f3F15
discojan.eth,0xaF433Abb85680127949a65e68802Aa9889D9A017
domainaddress.eth,0x698B40be078B57A5C677D4bbeA35fa87E2cF421a
drea.eth,0xeb6b293E9bB1d71240953c8306aD2c8aC523516a
ducket.eth,0x4630d71EBe231B7558e5b616735B88dD1B04F2f1
dudify.eth,0xA6c37993267085450aDE3b63636A25b61Ec3925c
eceertrey.eth,0xf4ed4FE99943513Ea6E70ff576986311f416127c
eeztac.eth,0x7669753291CcDbD975793F940aE0a5C7950289a1
eliburton.eth,0xeC18DEE817E8b9D45d06EdBAcC2DDEc80deD426D
elizzyworld.eth,0xD778494b24e123ECF9873fB60249Dc9D16a10C78
emmascoose.eth,0xd40bf510e852938b9C0dd4D898748d6023598C55
ensgiant.eth,0x2D037f66b9e0EDE90c2080558a7d3FF7BE36E9A1
envoy1084.eth,0xc0d86456F6f2930b892f3DAD007CDBE32c081FE6
eth524.eth,0x89F11E5d209Fa14E4c3a32d1c6415a277B2EFD02
ethbadge.eth,0x2654DDf31E5D8DDA52fE8C1D759Be186D316d8A6
eumoreno.eth,0x4F390B42c9B4b49E04204d61542115614dD5Ca6c
evilempire.eth,0x634f64Dd7BD1126AE40e94d7deb723433b4843E5
facaizhu.eth,0x6d3211aE950083fFb6010dd1534C4ba6Bfde8C56
fawzii.eth,0xa860746A8FD37462090cD3a55933fe7A608B0145
fckyoupayme.eth,0xf2c0149F0cff4c19b9819d1084f465DF0E1b3795
fightnight.eth,0x49c0F2A4E4DD0B9Dbc0d3CB778c5548Fd96e6fD6
flamesting.eth,0xB9C02Af3A12E074FA4b08B90991C86af2D6088d9
fractalicia.eth,0x56391667Fc9cd614b934Bd4664Ddd87E2F78Df5d
galaxylove.eth,0xbC0920c838ae3D76D33c93db260eA8bE56413128
gcan.eth,0x552f01d67B352AAa38bC675e30ceD97f2451DF63
geezy.base.eth,0x9224060CdfF5191507365CD7838e52dA9f6b7179
gilles.eth,0x2BE830C9c4A3eB3f9eBF736eED948e9ec1f1f33b
giosu.eth,0x5213Ee3CF78D00995fA22Fd7f3250964dd26e1Be
goded.eth,0x06b508492359056d3E4400380e158d4D00A786b2
gokhan.eth,0x36de990133D36d7E3DF9a820aA3eDE5a2320De71
goktus.eth,0xBa10d1C045Fca9470AC81755062A97df524C2569
goldroger0.eth,0x0A28c04667686A7F2182a9A2488998c61029289E
gweiwhale.eth,0x645e685a0053b627de0B7F0F269e3E228e67eD59
gwindarr.eth,0x51F3db5516615E78299796977C140D1d0F4B8100
h0l7gr41.base.eth,0x0000000000000000000000000000000000000000
hanjiangxue.eth,0xdd87d879ea614047EC3935ceb8d69F17873d4FF2
haojun.eth,0xB134237A5E40Bf81cba215f128b158608dD63f6a
hbthegreat.eth,0x8410eeeCbb69b8a2bAA1439A0c98Bfc9e4AF1f32
hectormain.eth,0x07cff11194d054a17E7E9EbEe87a744830404D17
herewga.eth,0x29Ad8149701c482D72F49586Ea6a15BBED2BCB1a
heypran.eth,0xeEd99E93e073C092131C245C3fDa23781563d67D
hisdudeness.eth,0x887b86B6B6957F7bbeA88B8CEfD392f39236A88C
hoangf.eth,0x119107BDcFe33B38dA6061f8065C778C3218c032
homeland.eth,0xC9beEb552f7679405732201E5FcF62801b658d44
humpty.eth,0xBe14B9950dC61642a084EAB491FA516d8FE557e6
idraj.eth,0x7e77e3786a7283053Ad015038d5695B87607d11F
igli.eth,0x9CAfD5D52af08483b321bf4d20BB9a56adcFCF14
imeths.eth,0x128f062eF238ae4497BAD05C3ACF1d69CB4AE753
immarealdegen.eth,0xdFe74e3c255e8BC694560794fCF34B9A00C87d59
impersonator.eth,0x63A556c75443b176b5A4078e929e38bEb37a1ff2
imzo.eth,0x88d0e9fd5058114bE1Df181271FC979Beb66DceC
includingyou.eth,0xe783d30f76A827Ec7dd407372676EC6d5D1824b9
infected.eth,0x33cFd90F164B4571BA45EbF283B427d33dd142da
initbrr.base.eth,0x0000000000000000000000000000000000000000
iyushjain.eth,0xCafa93E9985793E2475bD58B9215c21Dbd421fD0
jaeflip.eth,0xddC109807EABC44f76CfBEa9D5f3325133b4EeB8
janked.eth,0xAfa135eED7f18A5a02B6Fc1793E4A8372c19FED2
jarrodwatts.eth,0x470FAF7c48203276eCD3fF1f3C43894f66288574
jaydelay.eth,0xd66Ce70a562BC30b203a33eaaa1163dbC303F2ad
jennifertran.eth,0x16d7034610dB82FD30FFc9667F4B4f55e2b8541f
jlwang.eth,0x311C409B1B3e84D06eDadD2574b3629b1aeD8385
johnnytime.eth,0xFf3d275BB50bB677Ea1f117730B68Cf42651a60f
jooboo.eth,0xaf3C89E833D67fD604Df8F7F3384BAb488f22a62
jpxai.eth,0xbc7ceb52a9e00bFbFff81031A0c88a9882793604
juicybit.eth,0x1Bd83791B941a64344C18bA15523501C9A6bf29b
junyboy.eth,0x21422B215C1a9E5038C56d67A57f7Bf2569b49CF
karanpargal.eth,0xc8b05CE83e33524792f720C947c46cBF6bc279Fb
karen84.eth,0xCA72CC4f36E494BA62FcF432B31f41897c9Fff00
katsura900.eth,0xeAd39C52Cd2bADF09D81fcE29d6Ab3667E59084B
kelight.eth,0xebd7282b7086B7B25fc4F7B6b0d1aF94e2A267f3
kenjiken.eth,0x600574c1630c34A16E63E1a40aA9920dbD6Ef318
kgb.eth,0x7EE907690ac7b495CA4c9940fBF7fdeeB1B7B458
killakoins.eth,0xDAE6cA75bB2aFD213E5887513D8b1789122EaAea
kingsl.eth,0xd24A2f1fEAe9D9Af52fd7E0f85F20190E85A1fC1
kingtut1.eth,0x34Ca4774244B1d11aab84D08C88Bab76561eebEC
klesht.eth,0x3a18C261beFaC3cC22728CAB6F8747eE8eEb06F6
kmech.eth,0x736f743FBBCCab4e24d358Df56024006105Dde35
konvah.eth,0xca5091C0E2b4fE2A4bB7C4c1cDCbe46E5514c123
krumm.eth,0xf01101E43c0A4Ba64641132B93934c19A23Dcf51
lapsus.eth,0x0A7e30E870E0ca3B1Dd0fb0F20B45ef4Be67E832
lashira.eth,0x1e2A67C41ED1566471eD3E0216Cc336B09aeFd64
lawyered.eth,0x478bb542f7658d635ABBA67edB987806DFF5b83d
laynomotter.eth,0x10f6D187B7Ed7f23860e32DA8b98e884f64A4722
legendxkilla.eth,0x525320d8712AeAB3f3FC6195102ABd477AD998Ff
lilshrimp.eth,0xd9493D3f51C84Cedead582a2E55Fe4381f17DF0a
lilypadltd.eth,0x9e3E929B47C278312AbEFA36142F31AB8A0d170F
litetony.eth,0x7a56976841Cf7372a7db730d8443A9b048f46e32
lordbog.eth,0x6232d7a6085D0Ab8F885292078eEb723064a376B
lordskid.eth,0x0000000000000000000000000000000000000000
loredangoo.eth,0xfc92B5FAA50350d8dD1AeF8573c50fAa51eb9260
louisli.eth,0x5d30EA6d8EB2b0C2Fa58B0Df9d023CcecA847893
loveyou3k.eth,0xAaf7BF5f1d3520F8EBE7b1a87F20c34925Ea7fFe
macomoroni.eth,0x4EE1f9da5028D1DD85aCA765F405180186572e81
magnum.eth,0x167E3b2c7286ec2e6526f28ff52743c72100Bc5C
malin1781.eth,0x9a7a03Cf3BC98eB0F2da1318B451E4F2604a65db
marleeq.eth,0xD8682C53550715941d1f2f4cb6ffFD4ACe2145ba
maxcapital.eth,0x7D1deB3aA5DfFD6B01e8f360A0F1fbfDEdF3b0A7
mejiasdev.eth,0xe96b122B70BAbe3d7977D1d7587707517a36D771
metaempress.eth,0x81B493F8531Bf3Af000425AcB651D5D0cf0ea01C
microchipgnu.eth,0xBb70839D17f4efcB970b7EAC626B4eB56E9D6510
midcurvetrader.eth,0xFEB37531c44701c48FA9DD4256DC0f97c9568Cb9
mikroyce.eth,0xE974C45C5dC840eD0EcFa225816DF0510E3FfCa6
moneyplane.eth,0xF13CCD4013DA3dc7b2dfbB2397dc9F5db8C1A44D
moneyzk.eth,0xB6117B7B57Ede9BB224208F957F94501DF6BbD64
mrtosin777.eth,0x7BEE10a601D3473C524e4E5E94f1DE2911f1Be12
mschicanery.eth,0x90D68c2199d14E476ea6Ae641E25CF2650339c8B
msdhoni07.eth,0xb564AD33EDb3BD1b789C117E9c22624c0EfF1271
muhammadiqbal.eth,0x235f6cd002369E22613c93035a654d059d025363
multivrsstudios.eth,0x1AdEF8B7253C43caaF50500913D422Ae688367bd
musaffafajar.eth,0x392A5bBc01b790C545B6f84E95DB4A4EE2ceC553
musicalnetta.eth,0xE81cCAB76718AC222c8c9F2d19197c9D39e9FcA5
mustbeash.base.eth,0xEEc79613Ce679360707a8e8563ecded244a1a938
myk.eth,0x653Ff253b0c7C1cc52f484e891b71f9f1F010Bfb
mylilius.eth,0x07Bd021fd3735132133cE0Dbbc018246F5e04764
mzamtech.eth,0x62890e7c3518D67E545bafb232188868d0E6F14D
nazi.eth,0x7FbB9E85A7cDee7120d31B1f0fa455F8DBFee5Fb
neutra.eth,0x02d8b815A0BB6D5546cd24be47eb3dECc96aEDb1
nftnari.eth,0x0000000000000000000000000000000000000000
nhagio.eth,0xBb1C043cEb7745b286987b4cC8359c5B508F0307
nickpullman.eth,0xE4f8288e2e7EAee5AC51dc8A8270715156544246
nicoserranop.eth,0x6e7b420Cc69D093cDC3d7e8f6E1076123365e92a
niikk.eth,0x82359081C428D0dc548202260B82ed4917669ecF
nithins.eth,0x006734473b8AE6f50A2e42e28c9ca56f1BdC17aA
noordinarygirl.eth,0xabb28fc2ee7Ff751C8422F7bdBf989a2f8bE17ab
notgrace.eth,0x281D479A15b92A87754316Ec43D2817cCC2a22f1
notidivad.eth,0x9D1998F74B3Cd14b1c6aF50c07CD9DE6DD9b0Bf7
obiefuna.eth,0x42613bac8604Df0277451E239D0F14cfFE5666B8
odiba.eth,0x33C9518894f83865ca2Dd1B6259b5dCC20C87651
ohms.eth,0x0132894b3d7a3ba99dC69735D568328F8F3Ac872
ojeck.eth,0x7a6c6D7DD2C3a0cE58d69360b098415E56b5d882
ola035.eth,0x0000000000000000000000000000000000000000
omgxiaoc.eth,0x0a2a8f4B5501614b40d7938f371Dbb379e42dEaD
onchainwolf.base.eth,0x0000000000000000000000000000000000000000
onedayvk.eth,0x35a9A4fEde2f889e3E2d8529722a233B7A6aFea6
opiophile.eth,0x313BDC9726D8792eC4bd8531caA52A1dd82BD4eA
oshuajayzo.eth,0x9bE426C8A28ee7Ca935b5C27a4bc2395640c9378
paisalrvldo.eth,0x39099a79b7fD331b51d3Df28a1CDF224CD515edC
papajams.eth,0x55A5705453Ee82c742274154136Fce8149597058
pardonmyfrench.eth,0xCeA62aa6325F24F32F3E33B33746daDaCe3dc774
partaken.eth,0xE0f05c25Df289e23b670fd194d441672d9A81594
patternintegrity.base.eth,0xbF2F8987db50f61C688AfF1aD0664412dcd6C29d
pehmedici.eth,0x07D3088a697DC1647413E0B7393746Dd2D6c8A55
peso.eth,0x0000000000000000000000000000000000000000
philipppheelz.eth,0xB0c00e3Aa71DDb8a8D788db51575cFE53ce56937
pixahead.eth,0x2747D3239265e8f4A6a954d5d736121A92E401C4
pradhumna.eth,0x916134E688a4a866ff57f4F53F16703F9b8AFa99
pranshurastogi.eth,0x0000000000000000000000000000000000000000
pravijn.eth,0xeE49f82e58A1C2B306720D0c68047CBf70C11FB5
pricegoup.eth,0x2773E19a403F9809854997b70F5eeB67dBfc85F6
probeat.eth,0x9863208A4348F2C57c5b90C3788A8944adaf42EF
prometric666.eth,0x7BfdBaeb2d1ecDddF8349c1F21Ca27988d029345
promptrotator.eth,0x963441DcF6b2E82198a46c835a0c8f06b4d4E504
prufboogie.eth,0x6880C355C73E9538313c5203c7783Cc56609F044
pudgyamateur.eth,0xA01F3bA860eE63aCecF8A362D2a4B4307E4274B7
punkrock77.eth,0x29744bD7B37bDe14F74d281D3BAdBE68b299Be5f
purplelungs.eth,0x28A49b3772776a7e144901C800C86ef4E630e91f
queenelizab.eth,0x852c09Db03Bb5dEAA7815E18a923BEb7c9B18a5e
radiking.eth,0x071e379D1B6F9A7624E23E99f53e3E004C6D7FAe
rafytirado.eth,0x67Eb3fDADE7Ad2646Ef00e2a1D4392357aBFe7C6
rajdesai.eth,0xb89e9266F33fd1f1e7C399DFc966b7AE602BeD95
rarekoko.eth,0x118FaF9128d5fAb355920bD8A51c8cB199C04b33
rdyplayerb.eth,0x0000000000000000000000000000000000000000
rejamong.eth,0x316aA2137AE15558986d649d4AFA8F0F7B43564d
rektfarm.eth,0x0D1c41d60EF876b3244c9Db50EA5C196CED8e07E
rickmanelius.eth,0xBcB42948c56906eAd635fC268653aD5286d8b88B
rimura.eth,0x8486DA6821E108EeeD20dd4c2b9009c5bb32E8E5
riperino.eth,0xd7EaBCAF9029e52Cac724289cD4A9EB09Fba97b5
riyankartal.eth,0x7B8f0B8E09ca522Ad3418fb89B9176f1bc74644c
robofund.eth,0x8432A50ab197Bc2FCaDb60a470171Ce21FC17F32
rogpull.eth,0x74317E2E667dE3C574f5893bd71FcC1F76Ef1813
rolyt.eth,0x2798874Ef864c20ddf82E2B6D1f04D9F06f8d22F
roybot.eth,0xBc312F77Fc52439031619381433aF74Aa95B8022
rrahcat.eth,0xce576f5a3Ad42e3bd68946EfB5E6D08a948Cc92b
rubyboya.eth,0x96609151b05C3cc0a817c08C713DE3Ec002e8371
sagitarius.eth,0xE538c9f4F4e00D0B0588Afd7171336725Efd6cda
samragsdale.eth,0xb7430de9B4D8e5cDB951019d7651cD5fda630498
samzked.eth,0xCA169eb5a8fdC3C226C5b3bCA36209F45c2A921b
satoshipay.eth,0x1dbec7D882d8d9a3a2D21A5483426D4436E77777
saymillitancy.eth,0x0000000000000000000000000000000000000000
scopar.eth,0xC8536092D60356896f22aDD43ee0F5AD40C08632
scorz.eth,0x512ff58A791B69f5935990369338683932B469D1
seanwbren.eth,0x0cb27e883E207905AD2A94F9B6eF0C7A99223C37
sebajun.eth,0x260af088F9632E8228B49efBc51310ea9ece8C9e
sedhu.eth,0x398969A1A29cA4209399343BbaC1c80E61ED2937
seper.eth,0xb1DC5D0881EEA99A61D28be66Fc491AaE2A13D6a
sferik.eth,0x24F6AE1E125630906a365B9a58d6Af8079cd291e
sh555.eth,0xD995d0c31802A8D95C163f875fFefB40AB964eD6
shafu.eth,0x414b60745072088d013721b4a28a0559b1A9d213
shashankg.eth,0x7f3B3db2b0A46Cec68D7AAc25f8534CfAf202c16
shaun3.eth,0xB05DEc2370A17478e726452Bbfcd093F64F5B900
shirinski.eth,0x8E8D647440fb97F214be7B610eF916bE0948375a
singledicey.eth,0xA5723Ba0E7122717e7F31702062c320dCa40F3f8
sinhuanchuk.eth,0x61C670bF114C3018b215c95A5dC9f148032fBFD4
sky999.eth,0x75821898Ad35392425896085089629611391d2bF
soccerdotfun.eth,0xC594456f8D3aC969EA43766067D37597d2A2601F
soko.eth,0x42e9c498135431a48796B5fFe2CBC3d7A1811927
sonso.eth,0xf5c68206A746424fe96B580BF7E4274C47d66324
soulastz.eth,0xC3483C41f0f4e16E943587E183908580b641f52D
southman.eth,0x74a98cCe173f15fb1425f952D3C14E59e74ac917
stakeados.eth,0x12B967b8b9eddB5185922375F1f7dC1F3791d9Dc
starchildtv.eth,0x5d6F3d0c92D0564151357B0863E55e9ed4631b8d
storyip.eth,0x729cB72E138D3Cba195Cc923eeE4FCAA10F2Fd40
strang.eth,0x0000000000000000000000000000000000000000
streetsoja.eth,0x56d5c4b67966EfCACf9188FE74b4399372d1499E
studjoe.eth,0xbfa8c37B07a51F67835b8b61A5aF4c815107b059
sukuweb.eth,0xAA4Bf8f4bD76760e5F3b0253f4c20A40d3E0a1Cf
summermaxi.eth,0xc132224D1B8254dd104D8FB6d41F69DC671748A0
sunshinevendetta.eth,0xAe6b19b637FDCB9c5C05238E5279754C39DE76A9
supervillains.eth,0x4982E0104ff7564Ee2a56f7210Bf0e50E3317C3D
surfsurf.eth,0x047F606fD5b2BaA5f5C6c4aB8958E45CB6B054B7
suripuri23.eth,0x954F66945240A532E8978AaC6Ac198f8dA13Bd1D
tamrat.eth,0x8F96aA1C4cbd3b10786c81031c6917bcaC66423c
temidele.eth,0xA863E56d6223d619cfd0ffA09deE35375358D23E
tenxi.base.eth,0x0000000000000000000000000000000000000000
teyra.eth,0x9D94bB9966E78e44D1a5Df60739659e25be53BaC
thebenmeadows.eth,0x98f1BdA2d45ffacA73fCF2154E9E007871e14934
thee5club.eth,0x079A2E358e4bb659E53035C22B69Fc2900167C10
thefirst1ne.eth,0xff513d6bDF13EAB951ad657BE8e9359aE6DcB4Fb
thegreataxios.eth,0x2c20Ef3fc0248FCA2DC57bcb202F2CAe504A9A66
theirsmeta.eth,0xC2893A33CA7d0884c245Ac0A7A2045272620D11F
tjhae.eth,0x49C4c1b51140E72c7A277A9efb01A13C68EC1eE9
tmase.eth,0xd00481Ee5Fb57348231eC22411E053b7c6B0eC4D
toddchapman.eth,0xE936e8FAf4A5655469182A49a505055B71C17604
tonon.eth,0xB3eafB9F40b8E568B998324dCDFc73B5EABb39b7
topshella.eth,0x50E2b93f2fF8C076ac3068A9388C488928e68326
totaylor.eth,0x629630675b394D887334123cEF380e6310D945c2
trananh.eth,0x66d692bBeCAcAe3026834750e603291Fe4384161
tranvgiang.eth,0x4662B891269e2196E67CcA73E4b7812dd91C7ae3
true.eth,0xF07516168B92B4e665db90e632EAd8cAa47585b5
tuxon.eth,0xB4ACa4d18C3F3AD9Bfddd0A0dc8F669d51798dEA
tvanuden.base.eth,0x22d3AbC6C854DCcaEdf76dEf7e1017f9831616ab
ultravioletadao.eth,0xe4dc963c56979E0260fc146b87eE24F18220e545
unclehodl.eth,0xBEA78AA447114a54189fAF1fDAF01B8279F665A5
unibros.eth,0x0e14FCedc3F1469b367aadAabF3AAFEaba97Ced1
valeryz.eth,0xC4C5a64B8DCd62360aa5a44aB411793f175cc815
vesper.base.eth,0x8ABb712398eb35342E2390D119F164C6F6793B98
vietdart.eth,0xCa1A6e5fE34293775fE0dD109d74539b567eEc34
viseryys.eth,0xe41d0f7bDEa6338242687D1b73518B3c982A6fa7
vrushal.eth,0x59387E6869A12d76f321Ea609de4e073284F734F
vynxid.eth,0x12180F76888f2B3c276A24DeAe1E0A58a07B545D
walavault.eth,0x8C1f393c989C667ad20E3d9Df72A4F778C5c64b2
walintin.eth,0x0000000000000000000000000000000000000000
warpl.eth,0x0000000000000000000000000000000000000000
wbush.eth,0xBaD9895fa47616022e648DdD846119f4c9661ed8
webb3fitty.base.eth,0x48Fa11723a0687FFb8EbFc69D7176f40d144bA75
westsidedrive.eth,0x9cBa88745F29B18C93A0CAB41AD8D2b95e9ed1F0
wildoctopus.eth,0xBB5d1c5455EBB40cBE4ADC6766e6465dCF94e7Cc
wolfjunior.base.eth,0x1F312652201D5425C24322139Be39f1bbDcFAc69
wonderwomancode.eth,0xFf4eC2057A4180A4Cd18FDEA144e53245e39869D
worksucks.eth,0x000dD19B120A57c2Ca3340be9d6d071ecD5A9633
wujinhui.eth,0x5514a08F657685BA7F1990299Da1da1fe9cE44F7
wuling.base.eth,0xa5D84E6598895837431EcC452413997CBC1e055d
www-guatemala.eth,0x0000000000000000000000000000000000000000
wyatt-sg.eth,0x03FC779f82C0785afdC951060447645f0EDC04a6
x-402.eth,0xE347938500E27126FfE77Aa7c0D5a65DCdf67D12
xfajarr.eth,0x07895b9B1a6F1b9610813bA28189C1E403680b59
xyfyn.eth,0xEF71A6bDdF3Da91D64428A94b4f270B6a593F614
yagnardk.eth,0x0000000000000000000000000000000000000000
ybarmani.eth,0x7f5971D611E81A80d552DE7ffFcC85e3d35Cf182
yeluacam.eth,0xC3aD81AC646155b184F350f3C562beC39316799f
yemxylee.eth,0x722a20e70188c95a5e0C17CF816Da9c2E4525e72
yieldofdreams.eth,0x7Aa335Dd4B35A47E4ac23E6B9201893665c3c12d
yonis.eth,0x2243577f0A7d057b6500d8c18108BDDac060756C
ypszn.eth,0xd39A82A57FdE8F11187b1A5C6731DB72D27C4413
yuemingfei.eth,0xd80FC844bd4FB347C09d853cdB2d01d3E083758c
yungsb.eth,0xa5f146cBd3eE13F482315dD0F873c2bFbBc5F2C4
yuskial46.eth,0x8Cda4258C9f77093260F12b6C71f1Ed2E23EDBa5
zalankabigz.base.eth,0x0000000000000000000000000000000000000000
zale.eth,0x057f1c64D0640C00db8410A40CD63041B44570Ec
zeektheknight.eth,0x2fBEEC2C1beE01A0650942987aB1B37858D83c72
zhangyang.eth,0x5164cF3b0C8C0FDfE4BCc9Cf4F1e8f7E39461A59
zherring.eth,0xb48E8dA63c2aFc5633702B7acf4BDe830c1dE48b
ziphere.eth,0x294700ceFD6ED314Ac14D79f86e25e6e5Ff1C22e
zymeme.eth,0xA5894f85B5BB5145a69c3f4a41BB4918a8463701